{"name":"cf30fece-a254-4e9c-ba7a-ff222e6ffec1","id":"/providers/Microsoft.Flow/flows/cf30fece-a254-4e9c-ba7a-ff222e6ffec1","type":"Microsoft.Flow/flows","properties":{"apiId":"/providers/Microsoft.PowerApps/apis/shared_logicflows","displayName":"sharepoint run uipath","definition":{"metadata":{"workflowEntityId":null,"flowclientsuspensionreason":"None","flowclientsuspensiontime":null,"creator":{"id":"4564301a-39d7-4fec-9009-cfbcfc546891","type":"User","tenantId":"740b0b47-847f-4841-a6f9-fa2663580a66"},"provisioningMethod":"FromDefinition","failureAlertSubscription":true,"clientLastModifiedTime":"2020-10-29T08:55:47.1112689Z"},"$schema":"https://schema.management.azure.com/providers/Microsoft.Logic/schemas/2016-06-01/workflowdefinition.json#","contentVersion":"1.0.0.0","parameters":{"$connections":{"defaultValue":{},"type":"Object"},"$authentication":{"defaultValue":{},"type":"SecureObject"}},"triggers":{"When_a_file_is_created_in_a_folder":{"recurrence":{"frequency":"Minute","interval":5},"metadata":{"%252fShared%2bDocuments%252f01%2bOrder%2bSales%2bReport":"/Shared Documents/01 Order Sales Report"},"type":"OpenApiConnection","inputs":{"host":{"apiId":"/providers/Microsoft.PowerApps/apis/shared_sharepointonline","connectionName":"shared_sharepointonline","operationId":"OnNewFile"},"parameters":{"dataset":"https://posworkforce.sharepoint.com/sites/PosAviation_eCommerce_Dashboard","folderId":"%252fShared%2bDocuments%252f01%2bOrder%2bSales%2bReport","inferContentType":true},"authentication":"@parameters('$authentication')"}}},"actions":{"Send_an_HTTP_request_to_SharePoint":{"runAfter":{},"type":"OpenApiConnection","inputs":{"host":{"apiId":"/providers/Microsoft.PowerApps/apis/shared_sharepointonline","connectionName":"shared_sharepointonline","operationId":"HttpRequest"},"parameters":{"dataset":"https://posworkforce.sharepoint.com/sites/PosAviation_eCommerce_Dashboard","parameters/method":"GET","parameters/uri":"/_api/web/getfolderbyserverrelativeurl('/sites/PosAviation_eCommerce_Dashboard/Shared Documents/01 Order Sales Report')/ItemCount"},"authentication":"@parameters('$authentication')"}},"Parse_JSON_2":{"runAfter":{"Send_an_HTTP_request_to_SharePoint":["Succeeded"]},"type":"ParseJson","inputs":{"content":"@outputs('Send_an_HTTP_request_to_SharePoint')?['body']","schema":{"type":"object","properties":{"d":{"type":"object","properties":{"ItemCount":{"type":"integer"}}}}}}},"Condition":{"actions":{"HTTP":{"runAfter":{},"type":"Http","inputs":{"method":"POST","uri":"https://account.uipath.com/oauth/token","headers":{"Content-Type":"application/json","X-UIPATH-TenantName":"RpaDefault"},"body":{"grant_type":"refresh_token","client_id":"8DEv1AMNXczW3y4U15LL3jYf62jK93n5","refresh_token":"uzV72wRSpUPLkgF9KUAarGXCZXRxCwIR4WC5brhRu6shs"}}},"Parse_JSON":{"runAfter":{"HTTP":["Succeeded"]},"type":"ParseJson","inputs":{"content":"@body('HTTP')","schema":{"type":"object","properties":{"access_token":{"type":"string"},"id_token":{"type":"string"},"scope":{"type":"string"},"expires_in":{"type":"integer"},"token_type":{"type":"string"}}}}},"HTTP_2":{"runAfter":{"Parse_JSON":["Succeeded"]},"type":"Http","inputs":{"method":"POST","uri":"https://cloud.uipath.com/rpazbvzhsk/RpaDefault/odata/Jobs/UiPath.Server.Configuration.OData.StartJobs","headers":{"X-UIPATH-TenantName":"RpaDefault","Authorization":"Bearer @{body('Parse_JSON')?['access_token']}","Content-Type":"application/json","X-UIPATH-OrganizationUnitId":"182312"},"body":{"startInfo":{"ReleaseKey":"f544fffa-d858-4432-8ad4-621ebed2a2d0","Strategy":"Specific","RobotIds":[298599],"NoOfRobots":0}}}}},"runAfter":{"Parse_JSON_2":["Succeeded"]},"expression":{"equals":["@body('Parse_JSON_2')?['d']?['ItemCount']",4]},"type":"If"}}},"connectionReferences":{"shared_sharepointonline":{"connectionName":"5a8146b30ce448b0abb52387c14e46d4","source":"Embedded","id":"/providers/Microsoft.PowerApps/apis/shared_sharepointonline","tier":"NotSpecified"}},"flowFailureAlertSubscribed":false}}